{
  "images\\logo2x":"39ded4cf43e25d54af5efd816fe738113bf84d1e9d593a743a58d999b655fb94_glx_logo_2x.jpg",
  "images\\menuNotificationAv2":"aaf11fc527c6ff7ce5ccbcd3a82c58a636d27331febe43fa082a4098267dab27_menu_notification_av2.png",
  "images\\sidebarIcon2x":"aaf11fc527c6ff7ce5ccbcd3a82c58a636d27331febe43fa082a4098267dab27_sbicon_2x.png",
  "images\\sidebarIcon":"aaf11fc527c6ff7ce5ccbcd3a82c58a636d27331febe43fa082a4098267dab27_sbicon.png",
  "images\\logo":"39ded4cf43e25d54af5efd816fe738113bf84d1e9d593a743a58d999b655fb94_glx_logo.jpg",
  "images\\icon":"aaf11fc527c6ff7ce5ccbcd3a82c58a636d27331febe43fa082a4098267dab27.png",
  "images\\background":"6dc97aa6010df4125d66b75731ed4518fce66cad0ee74d1b581fa2b0d6896cf2.jpg",
  "images\\menuNotificationAv":"aaf11fc527c6ff7ce5ccbcd3a82c58a636d27331febe43fa082a4098267dab27_menu_notification_av.png"
}